[
  {
    "id": null,
    "title": "Assignment",
    "description": "APP4035",
    "urgency": "high",
    "dueDate": "2022-11-30",
    "status": "Not Started",
    "isCollapsed": true
  },
  {
    "id": null,
    "title": "New",
    "description": "Task",
    "urgency": "low",
    "dueDate": "2022-12-10",
    "status": "In Progress",
    "isCollapsed": true
  },
  {
    "id": 1,
    "title": "Task",
    "description": "Two",
    "urgency": "high",
    "dueDate": "2022-12-02",
    "status": "Not Started",
    "isCollapsed": true
  },
  {
    "id": 1,
    "title": "New",
    "description": "Task",
    "urgency": "high",
    "dueDate": "2022-12-09",
    "status": "Not Started",
    "isCollapsed": true
  },
  {
    "id": 2,
    "title": "In progress",
    "description": "one",
    "urgency": "medium",
    "dueDate": "2022-12-02",
    "status": "In Progress",
    "isCollapsed": true
  },
  {
    "id": 3,
    "title": "Task",
    "description": "Three",
    "urgency": "high",
    "dueDate": "2022-12-08",
    "status": "Not Started",
    "isCollapsed": true
  }
]